日期,收盘,开盘,高,低,交易量,涨跌幅
2000年1月2日,3.55,3.75,4.02,3.39,763.65M,-3.27%
2000年1月9日,3.59,3.64,3.65,3.09,836.42M,1.13%
2000年1月16日,3.98,3.61,4.34,3.59,845.97M,10.86%
2000年1月23日,3.63,3.87,4.08,3.59,517.21M,-8.79%
2000年1月30日,3.86,3.61,3.93,3.37,596.11M,6.34%
2000年2月6日,3.88,3.86,4.18,3.78,416.08M,0.52%
2000年2月13日,3.97,3.9,4.28,3.88,438.62M,2.32%
2000年2月20日,3.94,3.93,4.25,3.81,380.24M,-0.76%
2000年2月27日,4.57,3.93,4.72,3.87,602.23M,15.99%
2000年3月5日,4.49,4.5,4.61,4.22,320.03M,-1.75%
2000年3月12日,4.46,4.36,4.52,4.07,465.02M,-0.67%
2000年3月19日,4.95,4.41,5.37,4.34,576.57M,10.99%
2000年3月26日,4.85,4.92,5.17,4.48,385.27M,-2.02%
2000年4月2日,4.71,4.84,4.98,4.17,487.16M,-2.89%
2000年4月9日,4,4.7,4.74,3.75,723.27M,-15.07%
2000年4月16日,4.25,3.91,4.65,3.9,510.70M,6.25%
2000年4月23日,4.43,4.11,4.6,4.1,444.59M,4.24%
2000年4月30日,4.04,4.46,4.51,3.95,409.00M,-8.80%
2000年5月7日,3.84,4,4.06,3.53,463.45M,-4.95%
2000年5月14日,3.36,3.86,3.9,3.33,657.98M,-12.50%
2000年5月21日,3.08,3.35,3.35,2.96,634.89M,-8.33%
2000年5月28日,3.31,3.13,3.56,2.87,710.81M,7.47%
2000年6月4日,3.42,3.33,3.52,3.2,419.26M,3.32%
2000年6月11日,3.26,3.44,3.44,3.15,367.84M,-4.68%
2000年6月18日,3.69,3.23,4.12,3.21,514.52M,13.19%
2000年6月25日,3.74,3.75,3.96,3.65,300.50M,1.36%
2000年7月2日,3.89,3.72,3.94,3.54,227.28M,4.01%
2000年7月9日,4.12,3.86,4.33,3.84,404.27M,5.91%
2000年7月16日,3.83,4.16,4.21,3.7,424.52M,-7.04%
2000年7月23日,3.45,3.75,3.8,3.35,341.80M,-9.92%
2000年7月30日,3.38,3.51,3.69,3.16,264.49M,-2.03%
2000年8月6日,3.41,3.42,3.5,3.25,308.36M,0.89%
2000年8月13日,3.57,3.4,3.75,3.31,218.90M,4.69%
2000年8月20日,4.06,3.59,4.11,3.54,323.34M,13.73%
2000年8月27日,4.53,4.09,4.54,4.08,396.97M,11.58%
2000年9月3日,4.21,4.48,4.58,4.12,266.76M,-7.06%
2000年9月10日,3.95,4.19,4.31,3.87,375.61M,-6.18%
2000年9月17日,3.73,3.95,4.39,3.57,540.30M,-5.57%
2000年9月24日,1.84,3.77,3.96,1.81,2.38B,-50.67%
2000年10月1日,1.58,1.91,1.91,1.5,1.85B,-14.13%
2000年10月8日,1.58,1.62,1.63,1.37,1.23B,0.00%
2000年10月15日,1.39,1.59,1.66,1.31,1.14B,-12.03%
2000年10月22日,1.33,1.43,1.49,1.25,871.52M,-4.32%
2000年10月29日,1.59,1.37,1.64,1.34,801.74M,19.55%
2000年11月5日,1.36,1.6,1.62,1.36,504.18M,-14.47%
2000年11月12日,1.32,1.34,1.46,1.3,452.18M,-2.94%
2000年11月19日,1.38,1.33,1.39,1.3,287.87M,4.55%
2000年11月26日,1.22,1.42,1.42,1.15,553.85M,-11.59%
2000年12月3日,1.08,1.23,1.25,1,801.13M,-11.48%
2000年12月10日,1,1.08,1.14,1,460.23M,-7.41%
2000年12月17日,1.07,1.04,1.09,0.97,487.54M,7.00%
2000年12月24日,1.06,1.06,1.07,1.01,369.64M,-0.93%
2000年12月31日,1.17,1.06,1.32,1.03,605.29M,10.38%
2001年1月7日,1.23,1.21,1.32,1.14,692.66M,5.13%
2001年1月14日,1.39,1.25,1.4,1.18,787.81M,13.01%
2001年1月21日,1.4,1.36,1.5,1.32,772.13M,0.72%
2001年1月28日,1.47,1.4,1.61,1.4,769.28M,5.00%
2001年2月4日,1.37,1.46,1.53,1.33,594.26M,-6.80%
2001年2月11日,1.36,1.36,1.47,1.32,348.94M,-0.73%
2001年2月18日,1.34,1.37,1.42,1.29,357.77M,-1.47%
2001年2月25日,1.37,1.36,1.46,1.23,449.97M,2.24%
2001年3月4日,1.45,1.38,1.58,1.37,494.88M,5.84%
2001年3月11日,1.4,1.41,1.53,1.29,577.96M,-3.45%
2001年3月18日,1.64,1.41,1.68,1.38,723.85M,17.14%
2001年3月25日,1.58,1.65,1.7,1.51,719.48M,-3.66%
2001年4月1日,1.47,1.58,1.62,1.34,541.75M,-6.96%
2001年4月8日,1.6,1.48,1.64,1.43,339.25M,8.84%
2001年4月15日,1.79,1.58,1.84,1.4,1.16B,11.87%
2001年4月22日,1.87,1.74,1.88,1.68,628.63M,4.47%
2001年4月29日,1.84,1.91,1.94,1.71,468.33M,-1.60%
2001年5月6日,1.63,1.83,1.84,1.63,352.26M,-11.41%
2001年5月13日,1.68,1.63,1.77,1.62,340.08M,3.07%
2001年5月20日,1.63,1.69,1.72,1.61,397.27M,-2.98%
2001年5月27日,1.49,1.59,1.61,1.38,548.03M,-8.59%
2001年6月3日,1.52,1.51,1.55,1.45,411.20M,2.01%
2001年6月10日,1.46,1.5,1.55,1.38,465.40M,-3.95%
2001年6月17日,1.59,1.46,1.64,1.43,431.51M,8.90%
2001年6月24日,1.66,1.61,1.79,1.6,499.75M,4.40%
2001年7月1日,1.57,1.69,1.73,1.55,199.49M,-5.42%
2001年7月8日,1.77,1.58,1.79,1.49,568.25M,12.74%
2001年7月15日,1.43,1.78,1.8,1.39,843.30M,-19.21%
2001年7月22日,1.35,1.43,1.46,1.28,434.62M,-5.59%
2001年7月29日,1.39,1.37,1.42,1.32,305.17M,2.96%
2001年8月5日,1.36,1.36,1.41,1.32,233.00M,-2.16%
2001年8月12日,1.29,1.36,1.38,1.28,290.69M,-5.15%
2001年8月19日,1.33,1.3,1.33,1.26,280.23M,3.10%
2001年8月26日,1.32,1.33,1.38,1.23,293.34M,-0.75%
2001年9月2日,1.23,1.32,1.36,1.23,308.14M,-6.82%
2001年9月9日,1.24,1.21,1.25,1.21,77.21M,0.81%
2001年9月16日,1.12,1.14,1.27,1.05,535.61M,-9.68%
2001年9月23日,1.11,1.15,1.2,1.07,462.64M,-0.89%
2001年9月30日,1.15,1.11,1.16,1.06,472.94M,3.60%
2001年10月7日,1.29,1.11,1.29,1.11,328.08M,12.17%
2001年10月14日,1.31,1.28,1.31,1.21,396.86M,1.55%
2001年10月21日,1.33,1.3,1.39,1.27,496.33M,1.53%
2001年10月28日,1.33,1.33,1.35,1.22,325.04M,0.00%
2001年11月4日,1.34,1.35,1.44,1.32,352.79M,0.75%
2001年11月11日,1.35,1.33,1.42,1.28,272.76M,0.75%
2001年11月18日,1.42,1.36,1.44,1.35,217.71M,5.19%
2001年11月25日,1.52,1.42,1.54,1.42,371.74M,7.04%
2001年12月2日,1.61,1.5,1.72,1.47,418.21M,5.92%
2001年12月9日,1.46,1.59,1.64,1.43,238.92M,-9.32%
2001年12月16日,1.5,1.46,1.55,1.44,294.05M,2.74%
2001年12月23日,1.6,1.49,1.64,1.49,171.95M,6.67%
2001年12月30日,1.69,1.61,1.71,1.56,423.09M,5.63%
2002年1月6日,1.5,1.69,1.71,1.45,506.08M,-11.24%
2002年1月13日,1.58,1.5,1.62,1.46,568.92M,5.33%
2002年1月20日,1.66,1.59,1.68,1.54,325.13M,5.06%
2002年1月27日,1.74,1.67,1.78,1.62,441.29M,4.82%
2002年2月3日,1.72,1.74,1.86,1.67,570.02M,-1.15%
2002年2月10日,1.71,1.71,1.8,1.7,364.08M,-0.58%
2002年2月17日,1.62,1.7,1.71,1.53,382.25M,-5.26%
2002年2月24日,1.67,1.63,1.77,1.5,631.39M,3.09%
2002年3月3日,1.76,1.66,1.79,1.63,344.33M,5.39%
2002年3月10日,1.78,1.76,1.8,1.71,293.95M,1.14%
2002年3月17日,1.72,1.78,1.81,1.66,410.25M,-3.37%
2002年3月24日,1.69,1.72,1.72,1.64,189.11M,-1.74%
2002年3月31日,1.77,1.67,1.8,1.66,308.55M,4.73%
2002年4月7日,1.79,1.73,1.8,1.7,351.42M,1.13%
2002年4月14日,1.78,1.79,1.87,1.77,524.23M,-0.56%
2002年4月21日,1.64,1.77,1.78,1.64,285.92M,-7.87%
2002年4月28日,1.68,1.65,1.74,1.65,309.71M,2.44%
2002年5月5日,1.67,1.67,1.75,1.58,347.49M,-0.60%
2002年5月12日,1.79,1.68,1.86,1.64,397.96M,7.19%
2002年5月19日,1.72,1.75,1.8,1.67,344.41M,-3.91%
2002年5月26日,1.66,1.69,1.75,1.66,233.85M,-3.49%
2002年6月2日,1.53,1.67,1.67,1.49,433.13M,-7.83%
2002年6月9日,1.44,1.53,1.56,1.29,483.46M,-5.88%
2002年6月16日,1.2,1.45,1.47,1.2,811.23M,-16.67%
2002年6月23日,1.27,1.2,1.27,1.14,453.86M,5.83%
2002年6月30日,1.34,1.26,1.34,1.2,223.88M,5.51%
2002年7月7日,1.25,1.32,1.34,1.21,365.49M,-6.72%
2002年7月14日,1.07,1.24,1.33,1.04,726.05M,-14.40%
2002年7月21日,1.02,1.05,1.09,0.99,482.77M,-4.67%
2002年7月28日,1.03,1.03,1.11,1.02,338.20M,0.98%
2002年8月4日,1.07,1.04,1.1,1,311.20M,3.88%
2002年8月11日,1.13,1.06,1.15,1.04,354.64M,5.61%
2002年8月18日,1.12,1.13,1.16,1.1,258.01M,-0.88%
2002年8月25日,1.05,1.14,1.14,1.04,265.40M,-6.25%
2002年9月1日,1.03,1.03,1.06,1,276.78M,-1.90%
2002年9月8日,1.01,1.02,1.04,1,291.07M,-1.94%
2002年9月15日,1.06,1.01,1.08,1.01,401.25M,4.95%
2002年9月22日,1.05,1.05,1.08,1.03,296.42M,-0.94%
2002年9月29日,1,1.03,1.04,1,305.20M,-4.76%
2002年10月6日,1.04,1,1.06,0.95,418.57M,4.00%
2002年10月13日,1.02,1.04,1.09,0.99,417.57M,-1.92%
2002年10月20日,1.1,1.02,1.1,1,280.34M,7.84%
2002年10月27日,1.17,1.11,1.18,1.07,341.79M,6.36%
2002年11月3日,1.13,1.18,1.24,1.11,334.08M,-3.42%
2002年11月10日,1.14,1.12,1.17,1.08,223.70M,0.88%
2002年11月17日,1.14,1.16,1.17,1.07,308.76M,0.00%
2002年11月24日,1.11,1.14,1.15,1.09,217.98M,-2.63%
2002年12月1日,1.07,1.14,1.15,1.04,361.35M,-3.60%
2002年12月8日,1.06,1.07,1.11,1.05,278.71M,-0.93%
2002年12月15日,1.01,1.06,1.08,0.98,323.62M,-4.72%
2002年12月22日,1,1.01,1.06,1,83.01M,-0.99%
2002年12月29日,1.06,1.01,1.07,0.99,172.10M,6.00%
2003年1月5日,1.05,1.07,1.1,1.03,339.88M,-0.94%
2003年1月12日,1.01,1.06,1.06,1.01,392.48M,-3.81%
2003年1月19日,0.99,1.01,1.03,0.97,251.18M,-1.98%
2003年1月26日,1.03,0.98,1.08,0.97,450.82M,4.04%
2003年2月2日,1.01,1.03,1.07,1,314.64M,-1.94%
2003年2月9日,1.05,1.02,1.05,1,254.21M,3.96%
2003年2月16日,1.07,1.05,1.09,1.05,229.07M,1.90%
2003年2月23日,1.07,1.06,1.08,1.03,235.12M,0.00%
2003年3月2日,1.04,1.07,1.08,1.02,177.33M,-2.80%
2003年3月9日,1.06,1.04,1.07,1,253.11M,1.92%
2003年3月16日,1.07,1.06,1.08,1.04,308.95M,0.94%
2003年3月23日,1.04,1.05,1.06,1.02,193.86M,-2.80%
2003年3月30日,1.03,1.02,1.05,1,219.48M,-0.96%
2003年4月6日,0.94,1.06,1.07,0.92,494.09M,-8.74%
2003年4月13日,0.94,0.98,0.98,0.91,611.52M,0.00%
2003年4月20日,0.95,0.94,0.97,0.93,300.20M,1.06%
2003年4月27日,1.03,0.96,1.04,0.96,555.84M,8.42%
2003年5月4日,1.31,1.05,1.31,1.05,1.35B,27.18%
2003年5月11日,1.34,1.3,1.36,1.28,462.23M,2.29%
2003年5月18日,1.31,1.32,1.33,1.26,389.45M,-2.24%
2003年5月25日,1.28,1.28,1.35,1.25,336.97M,-2.29%
2003年6月1日,1.22,1.29,1.31,1.22,374.81M,-4.69%
2003年6月8日,1.24,1.21,1.28,1.19,276.40M,1.64%
2003年6月15日,1.37,1.26,1.4,1.25,403.27M,10.48%
2003年6月22日,1.34,1.38,1.41,1.32,420.12M,-2.19%
2003年6月29日,1.37,1.33,1.4,1.32,220.90M,2.24%
2003年7月6日,1.42,1.38,1.46,1.37,267.36M,3.65%
2003年7月13日,1.49,1.43,1.51,1.38,425.01M,4.93%
2003年7月20日,1.54,1.48,1.54,1.45,243.19M,3.36%
2003年7月27日,1.48,1.54,1.54,1.44,248.37M,-3.90%
2003年8月3日,1.4,1.47,1.54,1.39,259.46M,-5.41%
2003年8月10日,1.41,1.42,1.45,1.39,226.16M,0.71%
2003年8月17日,1.49,1.42,1.57,1.41,276.83M,5.67%
2003年8月24日,1.61,1.48,1.63,1.45,278.41M,8.05%
2003年8月31日,1.61,1.62,1.67,1.6,240.27M,0.00%
2003年9月7日,1.65,1.61,1.65,1.58,241.63M,2.48%
2003年9月14日,1.61,1.63,1.65,1.56,311.20M,-2.42%
2003年9月21日,1.48,1.58,1.61,1.44,383.90M,-8.07%
2003年9月28日,1.55,1.53,1.56,1.44,348.72M,4.73%
2003年10月5日,1.69,1.55,1.7,1.54,409.44M,9.03%
2003年10月12日,1.62,1.69,1.79,1.6,626.98M,-4.14%
2003年10月19日,1.61,1.61,1.67,1.59,250.76M,-0.62%
2003年10月26日,1.63,1.62,1.71,1.6,290.25M,1.24%
2003年11月2日,1.61,1.63,1.66,1.6,370.67M,-1.23%
2003年11月9日,1.53,1.6,1.62,1.52,300.24M,-4.97%
2003年11月16日,1.45,1.52,1.53,1.42,331.11M,-5.23%
2003年11月23日,1.49,1.46,1.52,1.45,243.63M,2.76%
2003年11月30日,1.49,1.5,1.56,1.48,284.65M,0.00%
2003年12月7日,1.49,1.48,1.52,1.43,232.85M,0.00%
2003年12月14日,1.41,1.53,1.53,1.4,455.47M,-5.37%
2003年12月21日,1.48,1.4,1.49,1.37,241.71M,4.96%
2003年12月28日,1.52,1.49,1.55,1.49,189.36M,2.70%
2004年1月4日,1.64,1.53,1.72,1.53,595.07M,7.89%
2004年1月11日,1.62,1.65,1.77,1.61,795.71M,-1.22%
2004年1月18日,1.61,1.62,1.64,1.58,243.82M,-0.62%
2004年1月25日,1.61,1.6,1.67,1.58,312.99M,0.00%
2004年2月1日,1.62,1.6,1.64,1.55,330.80M,0.62%
2004年2月8日,1.64,1.62,1.72,1.6,323.10M,1.23%
2004年2月15日,1.6,1.65,1.69,1.59,228.48M,-2.44%
2004年2月22日,1.71,1.6,1.72,1.56,349.22M,6.88%
2004年2月29日,1.91,1.72,1.96,1.69,751.23M,11.70%
2004年3月7日,1.97,1.91,2.01,1.84,769.46M,3.14%
2004年3月14日,1.85,1.93,1.95,1.81,558.16M,-6.09%
2004年3月21日,1.93,1.81,1.95,1.8,555.34M,4.32%
2004年3月28日,1.96,1.96,2,1.9,423.50M,1.55%
2004年4月4日,1.97,1.96,2.03,1.92,285.02M,0.51%
2004年4月11日,2.08,1.96,2.11,1.88,870.79M,5.58%
2004年4月18日,1.98,2.01,2.05,1.93,513.38M,-4.81%
2004年4月25日,1.84,1.97,1.97,1.82,418.37M,-7.07%
2004年5月2日,1.9,1.86,1.97,1.82,376.58M,3.26%
2004年5月9日,1.93,1.88,1.98,1.85,322.10M,1.58%
2004年5月16日,1.94,1.91,1.96,1.88,314.70M,0.52%
2004年5月23日,2,1.95,2.06,1.94,314.88M,3.09%
2004年5月30日,2.06,1.98,2.09,1.97,288.06M,3.00%
2004年6月6日,2.2,2.07,2.21,2.06,329.50M,6.80%
2004年6月13日,2.35,2.19,2.39,2.11,641.00M,6.82%
2004年6月20日,2.41,2.37,2.42,2.29,439.03M,2.55%
2004年6月27日,2.22,2.42,2.44,2.12,686.06M,-7.88%
2004年7月4日,2.14,2.22,2.24,2.14,297.32M,-3.60%
2004年7月11日,2.3,2.14,2.4,2.05,983.90M,7.48%
2004年7月18日,2.19,2.29,2.34,2.18,441.52M,-4.78%
2004年7月25日,2.31,2.2,2.36,2.2,392.32M,5.48%
2004年8月1日,2.13,2.23,2.31,2.12,397.58M,-7.79%
2004年8月8日,2.2,2.13,2.25,2.13,379.70M,3.29%
2004年8月15日,2.2,2.21,2.28,2.17,457.30M,0.00%
2004年8月22日,2.45,2.2,2.51,2.19,619.91M,11.36%
2004年8月29日,2.52,2.43,2.57,2.43,453.16M,2.86%
2004年9月5日,2.56,2.53,2.61,2.52,358.87M,1.59%
2004年9月12日,2.65,2.56,2.67,2.48,447.13M,3.52%
2004年9月19日,2.66,2.64,2.78,2.63,450.14M,0.38%
2004年9月26日,2.76,2.64,2.8,2.63,478.78M,3.76%
2004年10月3日,2.79,2.8,2.92,2.74,553.38M,1.09%
2004年10月10日,3.25,2.77,3.27,2.69,1.45B,16.49%
2004年10月17日,3.39,3.2,3.45,3.19,958.01M,4.31%
2004年10月24日,3.74,3.37,3.8,3.35,964.47M,10.32%
2004年10月31日,3.91,3.75,4.01,3.72,1.17B,4.55%
2004年11月7日,3.96,3.88,3.98,3.81,579.36M,1.28%
2004年11月14日,3.94,3.93,4.06,3.87,574.19M,-0.51%
2004年11月21日,4.61,4.14,4.7,4.14,1.36B,17.01%
2004年11月28日,4.48,4.93,4.97,4.41,1.44B,-2.82%
2004年12月5日,4.65,4.59,4.77,4.43,1.13B,3.79%
2004年12月12日,4.64,4.7,4.82,4.61,791.78M,-0.22%
2004年12月19日,4.57,4.68,4.71,4.4,760.69M,-1.51%
2004年12月26日,4.6,4.63,4.65,4.43,562.97M,0.66%
2005年1月2日,4.95,4.63,4.97,4.47,1.35B,7.61%
2005年1月9日,5.01,4.99,5.32,4.52,2.83B,1.21%
2005年1月16日,5.03,4.98,5.11,4.94,898.14M,0.40%
2005年1月23日,5.28,5.07,5.28,5.04,964.35M,4.97%
2005年1月30日,5.63,5.33,5.71,5.32,1.17B,6.63%
2005年2月6日,5.8,5.64,5.86,5.48,1.23B,3.02%
2005年2月13日,6.2,5.91,6.49,5.86,1.98B,6.90%
2005年2月20日,6.36,6.16,6.42,6.09,1.25B,2.58%
2005年2月27日,6.12,6.38,6.45,5.89,937.60M,-3.77%
2005年3月6日,5.75,6.11,6.18,5.55,1.05B,-6.05%
2005年3月13日,6.14,5.79,6.21,5.65,899.42M,6.78%
2005年3月20日,6.07,6.18,6.28,6,514.27M,-1.14%
2005年3月27日,5.84,6.11,6.14,5.8,604.05M,-3.79%
2005年4月3日,6.25,5.86,6.35,5.74,678.25M,7.02%
2005年4月10日,5.05,6.31,6.32,5.04,1.93B,-19.20%
2005年4月17日,5.07,5,5.39,4.86,1.24B,0.40%
2005年4月24日,5.15,5.21,5.36,5.03,856.49M,1.58%
2005年5月1日,5.32,5.17,5.33,5.15,534.25M,3.30%
2005年5月8日,4.97,5.33,5.35,4.73,1.13B,-6.58%
2005年5月15日,5.36,4.94,5.38,4.93,738.13M,7.85%
2005年5月22日,5.79,5.41,5.85,5.41,724.04M,8.02%
2005年5月29日,5.46,5.81,5.82,5.4,548.13M,-5.70%
2005年6月5日,5.12,5.48,5.52,5.07,760.68M,-6.23%
2005年6月12日,5.47,5.13,5.51,5.11,627.92M,6.84%
2005年6月19日,5.39,5.41,5.68,5.34,565.78M,-1.46%
2005年6月26日,5.21,5.26,5.44,5.16,519.35M,-3.34%
2005年7月3日,5.46,5.22,5.47,5.21,382.60M,4.80%
2005年7月10日,5.94,5.48,6,5.4,1.09B,8.79%
2005年7月17日,6.29,5.92,6.29,5.87,605.99M,5.89%
2005年7月24日,6.09,6.28,6.34,6.04,416.89M,-3.18%
2005年7月31日,6.14,6.08,6.21,6,348.63M,0.82%
2005年8月7日,6.59,6.14,6.6,6.09,533.86M,7.33%
2005年8月14日,6.55,6.64,6.9,6.54,739.46M,-0.61%
2005年8月21日,6.53,6.59,6.73,6.47,448.37M,-0.31%
2005年8月28日,6.6,6.47,6.74,6.47,439.31M,1.07%
2005年9月4日,7.33,6.67,7.34,6.65,775.20M,11.06%
2005年9月11日,7.32,7.3,7.38,7.05,607.69M,-0.14%
2005年9月18日,7.6,7.29,7.69,7.29,765.40M,3.83%
2005年9月25日,7.66,7.72,7.79,7.23,796.04M,0.79%
2005年10月2日,7.33,7.74,7.91,7.22,774.35M,-4.31%
2005年10月9日,7.71,7.39,7.76,6.84,1.84B,5.18%
2005年10月16日,7.95,7.71,8.14,7.32,1.10B,3.11%
2005年10月23日,7.78,7.89,8.22,7.74,725.87M,-2.14%
2005年10月30日,8.74,7.89,8.9,7.82,1.08B,12.34%
2005年11月6日,8.79,8.69,8.87,8.43,689.75M,0.57%
2005年11月13日,9.22,8.79,9.41,8.7,724.08M,4.89%
2005年11月20日,9.91,9.26,9.93,9.1,483.25M,7.48%
2005年11月27日,10.38,10.1,10.39,9.62,1.05B,4.74%
2005年12月4日,10.62,10.28,10.69,10.21,866.75M,2.31%
2005年12月11日,10.16,10.7,10.78,10.04,925.57M,-4.33%
2005年12月18日,10.48,10.16,10.64,10.15,521.21M,3.15%
2005年12月25日,10.27,10.57,10.74,10.05,526.06M,-2.00%
2006年1月1日,10.9,10.34,10.96,10.32,645.61M,6.13%
2006年1月8日,12.23,10.96,12.34,10.82,1.63B,12.20%
2006年1月15日,10.87,12.24,12.34,10.83,1.22B,-11.12%
2006年1月22日,10.29,10.87,11.37,10.16,1.40B,-5.34%
2006年1月29日,10.26,10.17,10.94,10.12,1.06B,-0.29%
2006年2月5日,9.62,10.29,10.36,8.99,1.73B,-6.24%
2006年2月12日,10.04,9.52,10.14,9.23,1.18B,4.37%
2006年2月19日,10.21,10.08,10.43,9.71,787.64M,1.69%
2006年2月26日,9.67,10.28,10.34,9.65,1.05B,-5.29%
2006年3月5日,9.03,9.67,9.67,8.92,1.07B,-6.62%
2006年3月12日,9.24,9.29,9.72,9.16,989.87M,2.33%
2006年3月19日,8.57,9.32,9.35,8.43,1.45B,-7.25%
2006年3月26日,8.96,8.62,9.09,8.24,1.76B,4.55%
2006年4月2日,9.97,9.1,10.29,8.72,2.05B,11.27%
2006年4月9日,9.5,10.04,10.13,9.4,829.73M,-4.71%
2006年4月16日,9.58,9.5,10,9.19,1.27B,0.84%
2006年4月23日,10.06,9.55,10.19,9.36,888.35M,5.01%
2006年4月30日,10.27,10.11,10.41,9.88,908.57M,2.09%
2006年5月7日,9.67,10.43,10.54,9.55,762.25M,-5.84%
2006年5月14日,9.22,9.62,9.77,8.97,966.56M,-4.65%
2006年5月21日,9.08,9.12,9.31,8.79,806.72M,-1.52%
2006年5月28日,8.81,9.04,9.04,8.38,868.33M,-2.97%
2006年6月4日,8.46,8.74,8.79,8.16,1.06B,-3.97%
2006年6月11日,8.22,8.49,8.53,8.1,1.18B,-2.84%
2006年6月18日,8.4,8.26,8.6,8.14,971.58M,2.19%
2006年6月25日,8.18,8.45,8.46,7.92,871.03M,-2.62%
2006年7月2日,7.91,8.22,8.31,7.81,536.59M,-3.30%
2006年7月9日,7.24,7.96,8.07,7.17,1.13B,-8.47%
2006年7月16日,8.67,7.39,8.8,7.38,1.57B,19.75%
2006年7月23日,9.37,8.75,9.38,8.63,909.41M,8.07%
2006年7月30日,9.76,9.55,10,9.28,1.21B,4.16%
2006年8月6日,9.09,9.67,9.94,8.94,1.17B,-6.86%
2006年8月13日,9.7,9.15,9.81,9.09,869.60M,6.71%
2006年8月20日,9.82,9.61,9.86,9.45,709.93M,1.24%
2006年8月27日,9.77,9.79,9.81,9.3,837.36M,-0.51%
2006年9月3日,10.36,9.85,10.51,9.79,1.04B,6.04%
2006年9月10日,10.59,10.35,10.71,10.2,1.39B,2.22%
2006年9月17日,10.43,10.54,10.87,10.37,924.58M,-1.51%
2006年9月24日,11,10.54,11.11,10.53,978.16M,5.47%
2006年10月1日,10.6,10.73,10.88,10.45,873.58M,-3.64%
2006年10月8日,10.72,10.54,10.98,10.37,704.83M,1.13%
2006年10月15日,11.42,10.74,11.43,10.56,1.07B,6.53%
2006年10月22日,11.49,11.43,11.8,11.39,700.07M,0.61%
2006年10月29日,11.18,11.43,11.67,11.11,627.85M,-2.70%
2006年11月5日,11.87,11.28,12.1,11.2,737.49M,6.17%
2006年11月12日,12.26,11.89,12.33,11.81,715.03M,3.29%
2006年11月19日,13.09,12.2,13.3,12.17,596.54M,6.77%
2006年11月26日,13.05,13.22,13.31,12.79,1.23B,-0.31%
2006年12月3日,12.61,13.13,13.19,12.41,950.70M,-3.37%
2006年12月10日,12.53,12.7,12.86,12.22,991.66M,-0.63%
2006年12月17日,11.74,12.52,12.57,11.66,931.74M,-6.30%
2006年12月24日,12.12,11.74,12.2,10.97,1.16B,3.24%
2006年12月31日,12.15,12.33,12.37,11.7,734.32M,0.25%
2007年1月7日,13.52,12.28,13.97,12.16,2.47B,11.28%
2007年1月14日,12.64,13.67,13.94,12.59,1.66B,-6.51%
2007年1月21日,12.2,12.73,12.74,12.14,1.37B,-3.48%
2007年1月28日,12.11,12.33,12.38,11.96,906.14M,-0.74%
2007年2月4日,11.9,12.04,12.36,11.84,1.01B,-1.73%
2007年2月11日,12.12,12.06,12.23,11.95,647.92M,1.85%
2007年2月18日,12.72,12.09,12.97,12.02,782.80M,4.95%
2007年2月25日,12.2,12.83,12.86,11.86,1.24B,-4.09%
2007年3月4日,12.57,12.27,12.71,12.25,788.40M,3.03%
2007年3月11日,12.8,12.58,12.94,12.56,881.33M,1.83%
2007年3月18日,13.36,12.89,13.48,12.8,726.64M,4.37%
2007年3月25日,13.27,13.43,13.83,13.18,1.02B,-0.67%
2007年4月1日,13.53,13.45,13.6,13.29,479.86M,1.96%
2007年4月8日,12.89,13.6,13.61,12.87,675.08M,-4.73%
2007年4月15日,13,12.94,13.19,12.8,694.55M,0.85%
2007年4月22日,14.27,13.08,14.64,13.04,1.38B,9.77%
2007年4月29日,14.4,14.3,14.51,14.08,654.18M,0.91%
2007年5月6日,15.53,14.44,15.59,14.43,1.05B,7.85%
2007年5月13日,15.72,15.66,15.81,14.77,1.02B,1.22%
2007年5月20日,16.23,15.76,16.43,15.72,912.82M,3.24%
2007年5月27日,16.91,16.35,17.45,16.1,1.08B,4.19%
2007年6月3日,17.78,16.95,18.23,16.84,1.52B,5.14%
2007年6月10日,17.21,18,18.02,16.49,1.70B,-3.21%
2007年6月17日,17.57,17.61,17.88,17.25,1.06B,2.09%
2007年6月24日,17.43,17.74,17.87,16.96,1.32B,-0.80%
2007年7月1日,18.9,17.29,19.05,17.04,1.12B,8.43%
2007年7月8日,19.68,18.91,19.69,18.4,1.17B,4.13%
2007年7月15日,20.54,19.77,20.6,19.43,1.08B,4.37%
2007年7月22日,20.55,20.47,21.27,19.16,1.96B,0.05%
2007年7月29日,18.84,20.62,20.78,18.25,1.54B,-8.32%
2007年8月5日,17.86,18.99,19.61,17.19,1.31B,-5.20%
2007年8月12日,17.44,18.33,18.48,15.95,1.39B,-2.35%
2007年8月19日,19.33,17.71,19.34,17.21,1.24B,10.84%
2007年8月26日,19.78,19.06,19.95,18.09,1.34B,2.33%
2007年9月2日,18.82,19.99,20.83,18.57,1.74B,-4.85%
2007年9月9日,19.83,19.57,19.91,19.11,1.19B,5.37%
2007年9月16日,20.59,19.86,20.66,19.66,1.18B,3.83%
2007年9月23日,21.92,20.96,22.14,20.95,1.12B,6.46%
2007年9月30日,23.06,22.09,23.08,21.85,980.52M,5.20%
2007年10月7日,23.89,23.36,24.55,21.89,1.31B,3.60%
2007年10月14日,24.35,24,24.95,23.36,1.35B,1.93%
2007年10月21日,26.39,24.34,26.94,24.28,1.60B,8.38%
2007年10月28日,26.84,26.49,27.16,25.71,1.03B,1.71%
2007年11月4日,23.62,26.47,27.53,23.6,1.54B,-12.00%
2007年11月11日,23.77,23.61,25.37,21.52,1.96B,0.64%
2007年11月18日,24.51,23.73,24.62,23.16,1.10B,3.11%
2007年11月25日,26.03,24.8,26.81,24.29,1.50B,6.20%
2007年12月2日,27.76,25.98,27.86,25.28,1.15B,6.65%
2007年12月9日,27.2,27.66,28.57,26.54,1.15B,-2.02%
2007年12月16日,27.7,27.25,27.7,25.51,1.21B,1.84%
2007年12月23日,28.55,27.86,28.99,27.83,669.79M,3.07%
2007年12月30日,25.72,28.5,28.64,25.56,979.10M,-9.91%
2008年1月6日,24.67,25.89,26.23,24.04,2.03B,-4.08%
2008年1月13日,23.05,25.36,25.63,22.39,2.29B,-6.57%
2008年1月20日,18.57,21.15,22.85,18.02,2.34B,-19.44%
2008年1月27日,19.11,18.31,19.52,18.06,1.54B,2.91%
2008年2月3日,17.93,19.17,19.41,16.75,1.76B,-6.17%
2008年2月10日,17.8,18.29,18.71,17.66,1.31B,-0.73%
2008年2月17日,17.07,18,18.11,16.55,1.11B,-4.10%
2008年2月24日,17.86,16.94,18.89,16.49,1.78B,4.63%
2008年3月2日,17.46,17.78,18.21,16.86,1.83B,-2.24%
2008年3月9日,18.09,17.43,18.61,17.05,1.41B,3.61%
2008年3月16日,19.04,17.51,19.18,17.51,1.05B,5.25%
2008年3月23日,20.43,19.14,20.82,19.09,1.25B,7.30%
2008年3月30日,21.87,20.47,22.1,20.36,1.19B,7.05%
2008年4月6日,21.02,22.3,22.81,20.91,1.30B,-3.89%
2008年4月13日,23.01,20.97,23.18,20.65,1.02B,9.47%
2008年4月20日,24.25,23.17,24.44,22.58,1.67B,5.39%
2008年4月27日,25.85,24.25,25.99,24.16,1.19B,6.60%
2008年5月4日,26.21,25.99,26.89,25.79,1.13B,1.39%
2008年5月11日,26.8,26.46,27.46,26.12,1.05B,2.25%
2008年5月18日,25.88,26.84,26.96,24.57,1.30B,-3.43%
2008年5月25日,26.96,26.11,27.08,25.98,697.81M,4.17%
2008年6月1日,26.52,26.94,27.14,26.05,971.64M,-1.63%
2008年6月8日,24.62,26.4,26.68,23.62,1.66B,-7.16%
2008年6月15日,25.04,24.47,26.05,24.15,1.11B,1.71%
2008年6月22日,24.3,24.96,25.55,23.45,956.10M,-2.96%
2008年6月29日,24.3,24.31,25.35,23.43,789.43M,0.00%
2008年7月6日,24.65,24.74,25.84,24.43,1.09B,1.44%
2008年7月13日,23.59,25.61,25.61,23.57,1.08B,-4.30%
2008年7月20日,23.16,23.84,24.05,20.93,1.44B,-1.82%
2008年7月27日,22.38,23.19,23.21,21.95,843.22M,-3.37%
2008年8月3日,24.22,22.37,24.24,21.84,864.88M,8.22%
2008年8月10日,25.11,24.3,25.78,24.24,997.54M,3.67%
2008年8月17日,25.26,25.08,25.4,24.54,663.78M,0.60%
2008年8月24日,24.22,25.16,25.18,24.15,609.70M,-4.12%
2008年8月31日,22.88,24.63,24.79,22.52,761.87M,-5.53%
2008年9月7日,21.28,23.51,23.56,20.86,1.26B,-6.99%
2008年9月14日,20.13,20.29,21.1,17.24,1.61B,-5.40%
2008年9月21日,18.32,19.99,20.04,17.57,1.33B,-8.99%
2008年9月28日,13.87,17.09,17.1,13.52,2.36B,-24.29%
2008年10月5日,13.83,13.14,14.5,12.14,2.51B,-0.29%
2008年10月12日,13.91,14.94,16.63,12.27,2.21B,0.58%
2008年10月19日,13.77,14.25,14.46,12.87,2.31B,-1.01%
2008年10月26日,15.37,13.58,16.03,13.12,2.02B,11.62%
2008年11月2日,14.03,15.13,15.97,13.67,1.53B,-8.72%
2008年11月9日,12.89,14.31,14.34,12.29,1.70B,-8.13%
2008年11月16日,11.8,12.64,13.08,11.31,1.71B,-8.46%
2008年11月23日,13.24,12.17,13.61,12.12,969.99M,12.20%
2008年11月30日,13.43,13.04,13.75,12.36,1.39B,1.44%
2008年12月7日,14.04,13.9,14.8,13.22,1.35B,4.54%
2008年12月14日,12.86,13.71,13.78,12.57,1.25B,-8.40%
2008年12月21日,12.26,12.86,12.86,12.08,516.86M,-4.67%
2008年12月28日,12.96,12.36,13.01,12.1,754.79M,5.71%
2009年1月4日,12.94,13.31,13.88,12.86,1.12B,-0.15%
2009年1月11日,11.76,12.92,13,11.44,1.35B,-9.12%
2009年1月18日,12.62,11.7,12.86,11.17,1.05B,7.31%
2009年1月25日,12.88,12.69,13.57,12.61,860.44M,2.06%
2009年2月1日,14.25,12.73,14.29,12.7,850.71M,10.64%
2009年2月8日,14.17,14.29,14.71,13.68,916.46M,-0.56%
2009年2月15日,13.03,13.84,13.86,12.71,758.98M,-8.05%
2009年2月22日,12.76,13.09,13.27,12.36,941.05M,-2.07%
2009年3月1日,12.19,12.59,13.25,11.76,988.72M,-4.47%
2009年3月8日,13.7,12.03,13.89,11.8,939.97M,12.39%
2009年3月15日,14.51,13.79,14.78,13.45,894.45M,5.91%
2009年3月22日,15.26,14.67,15.71,14.54,766.48M,5.17%
2009年3月29日,16.57,14.93,16.59,14.66,777.81M,8.58%
2009年4月5日,17.08,16.42,17.14,16.18,545.35M,3.08%
2009年4月12日,17.63,17.14,17.75,16.54,587.13M,3.22%
2009年4月19日,17.7,17.39,18.17,16.94,840.55M,0.40%
2009年4月26日,18.18,17.56,18.28,17.52,572.75M,2.71%
2009年5月3日,18.46,18.32,19.07,18.04,620.39M,1.54%
2009年5月10日,17.49,18.2,18.71,17.05,606.43M,-5.25%
2009年5月17日,17.5,17.68,18.47,17.37,481.63M,0.06%
2009年5月24日,19.4,17.82,19.41,17.79,557.02M,10.86%
2009年5月31日,20.67,19.5,20.91,19.43,664.36M,6.55%
2009年6月7日,19.57,20.55,20.65,19.43,846.33M,-5.32%
2009年6月14日,19.93,19.43,19.93,19.22,693.93M,1.84%
2009年6月21日,20.35,20.1,20.51,18.98,714.03M,2.11%
2009年6月28日,20,20.49,20.67,19.97,446.70M,-1.72%
2009年7月5日,19.79,19.81,19.95,19.2,581.20M,-1.05%
2009年7月12日,21.68,19.93,21.72,19.65,578.15M,9.55%
2009年7月19日,22.86,21.9,22.86,21.39,862.43M,5.44%
2009年7月26日,23.34,22.88,23.57,22.47,517.90M,2.10%
2009年8月2日,23.64,23.6,23.91,23.3,485.62M,1.29%
2009年8月9日,23.83,23.67,24.1,23.13,461.80M,0.80%
2009年8月16日,24.17,23.36,24.2,22.77,531.77M,1.43%
2009年8月23日,24.29,24.3,24.64,23.55,484.58M,0.50%
2009年8月30日,24.33,24.02,24.39,23.44,453.42M,0.16%
2009年9月6日,24.59,24.71,24.92,24.24,491.61M,1.07%
2009年9月13日,26.43,24.4,26.68,24.32,728.71M,7.48%
2009年9月20日,26.05,26.33,26.99,25.92,596.27M,-1.44%
2009年9月27日,26.41,26.27,26.77,25.81,575.19M,1.38%
2009年10月4日,27.21,26.6,27.35,26.32,556.37M,3.03%
2009年10月11日,26.86,27.29,27.47,26.83,454.23M,-1.29%
2009年10月18日,29.13,26.84,29.82,26.51,1.12B,8.45%
2009年10月25日,26.93,29.1,29.54,26.58,836.80M,-7.55%
2009年11月1日,27.76,27.11,27.88,26.51,592.51M,3.08%
2009年11月8日,29.21,28.13,29.29,28.04,520.34M,5.22%
2009年11月15日,28.56,29.35,29.71,28.25,551.31M,-2.23%
2009年11月22日,28.66,29,29.43,28.34,343.88M,0.35%
2009年11月29日,27.62,28.73,28.97,27.18,720.43M,-3.63%
2009年12月6日,27.81,27.62,28.53,26.95,752.35M,0.69%
2009年12月13日,27.92,27.91,28.22,27.29,566.56M,0.40%
2009年12月20日,29.86,28.01,29.91,27.95,452.08M,6.95%
2009年12月27日,30.1,30.25,30.56,29.76,463.57M,0.80%
2010年1月3日,30.28,30.49,30.8,29.86,643.20M,0.60%
2010年1月10日,29.42,30.4,30.43,29.16,672.52M,-2.84%
2010年1月17日,28.25,29.76,30.79,28.17,708.02M,-3.98%
2010年1月24日,27.44,28.93,30.53,27.18,1.77B,-2.87%
2010年1月31日,27.92,27.48,28.6,27.26,917.88M,1.75%
2010年2月7日,28.63,27.96,28.81,27.71,671.83M,2.54%
2010年2月14日,28.81,28.85,29.19,28.69,454.73M,0.63%
2010年2月21日,29.23,28.91,29.31,27.96,649.89M,1.46%
2010年2月28日,31.28,29.39,31.39,29.35,688.63M,7.01%
2010年3月7日,32.37,31.43,32.53,31.13,692.10M,3.48%
2010年3月14日,31.75,32.2,32.35,31.46,573.23M,-1.92%
2010年3月21日,32.99,31.5,33.14,31.45,710.32M,3.91%
2010年3月28日,33.71,33.29,34.1,33.09,525.46M,2.18%
2010年4月4日,34.54,33.57,34.56,33.54,666.80M,2.46%
2010年4月11日,35.34,34.6,35.88,34.44,542.71M,2.32%
2010年4月18日,38.69,35.29,38.88,34.54,969.50M,9.48%
2010年4月25日,37.3,38.84,38.92,36.63,762.03M,-3.59%
2010年5月2日,33.69,37.69,38.27,28.46,1.26B,-9.68%
2010年5月9日,36.26,35.75,37.86,35.5,962.03M,7.63%
2010年5月16日,34.62,36.39,36.94,33.05,1.27B,-4.52%
2010年5月23日,36.7,35.33,37.06,33.88,1.03B,6.01%
2010年5月30日,36.57,37.1,37.99,36.38,743.41M,-0.35%
2010年6月6日,36.22,36.9,37.02,34.6,1.02B,-0.96%
2010年6月13日,39.15,36.57,39.29,36.29,907.45M,8.09%
2010年6月20日,38.1,39.67,39.86,37.97,881.82M,-2.68%
2010年6月27日,35.28,38.13,38.54,34.74,1.04B,-7.40%
2010年7月4日,37.09,35.86,37.56,35.17,610.38M,5.13%
2010年7月11日,35.7,36.93,37.41,35.2,1.11B,-3.75%
2010年7月18日,37.13,35.7,37.88,34.23,1.12B,4.01%
2010年7月25日,36.75,37.14,38,36.41,654.39M,-1.02%
2010年8月1日,37.16,37.21,37.75,36.8,500.17M,1.12%
2010年8月8日,35.59,37.35,37.45,35.16,566.22M,-4.22%
2010年8月15日,35.66,35.37,36.38,35.23,472.93M,0.20%
2010年8月22日,34.52,35.97,36,33.65,657.14M,-3.20%
2010年8月29日,36.97,34.39,36.97,34.34,609.33M,7.10%
2010年9月5日,37.63,36.66,38.07,36.61,423.93M,1.79%
2010年9月12日,39.34,37.97,39.71,37.93,628.22M,4.54%
2010年9月19日,41.76,39.44,41.93,39.41,837.50M,6.15%
2010年9月26日,40.36,42,42.1,39.29,777.40M,-3.35%
2010年10月3日,42.01,40.23,42.07,39.68,668.73M,4.09%
2010年10月10日,44.96,42.11,45,41.78,743.47M,7.02%
2010年10月17日,43.92,45.5,45.57,42.86,995.77M,-2.31%
2010年10月24日,43,44.16,44.51,42.98,541.48M,-2.09%
2010年10月31日,45.3,43.17,45.74,43.17,592.48M,5.35%
2010年11月7日,44,45.31,45.9,43.38,551.70M,-2.87%
2010年11月14日,43.82,44.07,44.36,42.54,605.33M,-0.41%
2010年11月21日,45.11,43.81,45.39,43.7,391.13M,2.94%
2010年11月28日,45.35,45.07,45.57,44.41,553.85M,0.53%
2010年12月5日,45.79,45.52,46.28,45.3,429.65M,0.97%
2010年12月12日,45.8,46.34,46.44,45.57,479.47M,0.02%
2010年12月19日,46.23,45.94,46.53,45.46,282.90M,0.94%
2010年12月26日,46.08,46.12,46.67,45.9,235.08M,-0.32%
2011年1月2日,48.02,46.52,48.05,46.41,405.59M,4.21%
2011年1月9日,49.78,48.4,49.78,48.17,450.55M,3.67%
2011年1月16日,46.67,47.07,49.8,46.57,1.13B,-6.25%
2011年1月23日,48.01,46.7,49.37,46.67,626.37M,2.87%
2011年1月30日,49.5,47.97,49.53,47.76,444.62M,3.10%
2011年2月6日,50.98,49.7,51.43,49.66,661.23M,2.99%
2011年2月13日,50.08,50.97,52.13,49.93,605.59M,-1.77%
2011年2月20日,49.74,48.88,49.78,48.25,606.08M,-0.68%
2011年2月27日,51.43,50.18,51.47,49.67,603.96M,3.40%
2011年3月6日,50.28,51.63,51.67,49.27,583.70M,-2.24%
2011年3月13日,47.24,50.45,50.93,46.61,931.72M,-6.05%
2011年3月20日,50.22,48,50.29,47.89,490.63M,6.31%
2011年3月27日,49.22,50.45,50.62,49.04,421.17M,-1.99%
2011年4月3日,47.87,49.19,49.23,47.71,524.14M,-2.74%
2011年4月10日,46.78,47.72,48.02,46.69,481.98M,-2.28%
2011年4月17日,50.1,46.59,50.73,45.74,620.93M,7.10%
2011年4月24日,50.02,50.05,50.71,49.36,581.97M,-0.16%
2011年5月1日,49.52,49.96,50.26,49.36,440.51M,-1.00%
2011年5月8日,48.64,49.69,50,48.62,367.52M,-1.78%
2011年5月15日,47.89,48.46,48.92,47.25,459.26M,-1.54%
2011年5月22日,48.2,47.14,48.37,47.06,356.29M,0.65%
2011年5月29日,49.06,48.73,50.3,48.71,406.19M,1.78%
2011年6月5日,46.56,49.39,49.58,46.5,508.82M,-5.10%
2011年6月12日,45.75,46.74,47.61,45.48,547.43M,-1.74%
2011年6月19日,46.62,45.34,47.59,44.36,631.07M,1.90%
2011年6月26日,49.04,46.8,49.07,46.75,436.38M,5.19%
2011年7月3日,51.39,49,51.43,48.93,422.37M,4.79%
2011年7月10日,52.13,50.91,52.14,49.8,550.28M,1.44%
2011年7月17日,56.19,52.2,56.61,52.18,844.09M,7.79%
2011年7月24日,55.78,55.76,57.79,54.86,738.08M,-0.73%
2011年7月31日,53.37,56.83,57.07,51.8,1.02B,-4.32%
2011年8月7日,53.86,51.67,54.23,50.43,1.09B,0.92%
2011年8月14日,50.86,54.23,55,50.86,757.20M,-5.57%
2011年8月21日,54.8,52.07,54.83,50.73,832.80M,7.75%
2011年8月28日,53.44,55.45,56.01,53.12,532.21M,-2.48%
2011年9月4日,53.93,52.48,55.52,52.35,460.38M,0.92%
2011年9月11日,57.21,53.29,57.21,53.13,639.90M,6.08%
2011年9月18日,57.76,56.71,60.41,56.46,930.14M,0.96%
2011年9月25日,54.47,57.12,58.46,54.45,768.71M,-5.70%
2011年10月2日,52.83,54.34,54.97,50.61,1.01B,-3.01%
2011年10月9日,60.29,54.16,60.29,54.03,667.51M,14.12%
2011年10月16日,56.12,60.25,60.96,55.82,960.60M,-6.92%
2011年10月23日,57.85,56.6,58.43,56.16,551.74M,3.08%
2011年10月30日,57.18,57.49,58.48,56.17,497.36M,-1.16%
2011年11月6日,54.95,57.13,58.29,54.32,657.04M,-3.90%
2011年11月13日,53.56,54.79,55.88,53.55,516.36M,-2.53%
2011年11月20日,51.94,52.91,53.99,51.9,385.23M,-3.02%
2011年11月27日,55.67,53.19,56.23,52.89,473.80M,7.18%
2011年12月4日,56.23,56.21,56.63,55.25,404.92M,1.01%
2011年12月11日,54.43,55.95,56.49,53.95,431.35M,-3.20%
2011年12月18日,57.62,54.64,57.66,54.35,326.96M,5.86%
2011年12月25日,57.86,57.59,58.44,57.22,222.51M,0.42%
2012年1月1日,60.34,58.49,60.39,58.43,288.04M,4.29%
2012年1月8日,59.97,60.79,61.11,59.81,326.61M,-0.61%
2012年1月15日,60.04,60.6,61.62,59.96,298.85M,0.12%
2012年1月22日,63.9,60.38,64.92,59.94,609.02M,6.43%
2012年1月29日,65.67,63.67,65.71,63.63,378.74M,2.77%
2012年2月5日,70.49,65.48,71.09,65.46,622.32M,7.34%
2012年2月12日,71.73,71.36,75.18,69.52,991.40M,1.76%
2012年2月19日,74.63,72.41,74.7,72.02,518.05M,4.04%
2012年2月26日,77.88,74.47,78.32,73.75,803.73M,4.35%
2012年3月4日,77.88,77.92,78.25,73.75,838.31M,0.00%
2012年3月11日,83.65,78.43,85.72,78.14,1.13B,7.41%
2012年3月18日,85.15,85.48,87.09,83.14,854.14M,1.79%
2012年3月25日,85.65,85.68,88.78,85.04,799.40M,0.59%
2012年4月1日,90.53,85.98,90.67,85.77,661.79M,5.70%
2012年4月8日,86.46,89.45,92,86.22,914.45M,-4.50%
2012年4月15日,81.85,87.15,88.61,81.49,1.22B,-5.33%
2012年4月22日,86.14,81.52,88.29,79.29,972.87M,5.24%
2012年4月29日,80.75,85.4,85.49,80.74,616.33M,-6.26%
2012年5月6日,80.96,80.21,82.27,79.82,542.77M,0.26%
2012年5月13日,75.77,80.37,81.07,74.6,709.83M,-6.41%
2012年5月20日,80.33,76.36,82.36,76.29,683.86M,6.02%
2012年5月27日,80.14,81.56,83.07,80.07,480.70M,-0.24%
2012年6月3日,82.9,80.21,82.94,78.36,518.53M,3.44%
2012年6月10日,82.02,83.96,84.07,80.96,500.43M,-1.06%
2012年6月17日,83.16,81.57,84.29,81.48,443.06M,1.39%
2012年6月24日,83.43,82.47,83.43,80.8,372.16M,0.32%
2012年7月1日,86.55,83.53,87.76,83.37,386.30M,3.74%
2012年7月8日,86.42,86.47,88.55,84.67,525.07M,-0.15%
2012年7月15日,86.33,86.45,87.91,86.16,420.54M,-0.10%
2012年7月22日,83.59,84.91,87.1,81.43,685.31M,-3.17%
2012年7月29日,87.96,84.42,88.28,83.97,475.78M,5.23%
2012年8月5日,88.81,88.18,89.29,87.89,313.60M,0.97%
2012年8月12日,92.59,89.06,92.6,89.04,393.51M,4.26%
2012年8月19日,94.75,92.86,96.41,92.59,712.22M,2.33%
2012年8月26日,95.03,97.14,97.27,93.89,384.53M,0.30%
2012年9月2日,97.21,95.11,97.5,94.93,356.33M,2.29%
2012年9月9日,98.75,97.21,99.57,93.71,725.75M,1.58%
2012年9月16日,100.01,99.91,100.72,99.09,501.64M,1.28%
2012年9月23日,95.3,98.12,99.3,94.34,716.10M,-4.71%
2012年9月30日,93.23,95.88,96.68,92.95,640.15M,-2.17%
2012年10月7日,89.96,92.41,92.51,89.08,748.26M,-3.51%
2012年10月14日,87.12,90.34,93.26,87.09,648.07M,-3.16%
2012年10月21日,86.29,87.49,90.77,84.43,871.79M,-0.95%
2012年10月28日,82.4,84.98,86.14,82.11,367.71M,-4.51%
2012年11月4日,78.15,83.36,84.39,76.25,920.98M,-5.16%
2012年11月11日,75.38,79.16,79.21,72.25,895.75M,-3.54%
2012年11月18日,81.64,77.24,81.71,77.13,527.99M,8.30%
2012年11月25日,83.61,82.27,84.89,81.75,647.74M,2.41%
2012年12月2日,76.18,84.81,84.94,74.09,982.96M,-8.89%
2012年12月9日,72.83,75,78.51,72.23,836.20M,-4.40%
2012年12月16日,74.19,72.7,76.41,71.6,728.05M,1.87%
2012年12月23日,72.8,74.34,74.89,72.09,321.90M,-1.87%
2012年12月30日,75.29,72.93,79.29,72.71,541.82M,3.42%
2013年1月6日,74.33,74.57,75.98,73.6,575.59M,-1.28%
2013年1月13日,71.43,71.81,72.96,69.05,807.14M,-3.90%
2013年1月20日,62.84,72.08,73.57,62.14,997.97M,-12.03%
2013年1月27日,64.8,62.55,66.09,62.27,658.14M,3.12%
2013年2月3日,67.85,64.84,68.4,63.14,745.48M,4.71%
2013年2月10日,65.74,68.07,69.28,65.7,587.28M,-3.11%
2013年2月17日,64.4,65.87,66.1,63.26,422.48M,-2.04%
2013年2月24日,61.5,64.84,65.02,61.43,584.10M,-4.50%
2013年3月3日,61.67,61.11,62.2,59.86,635.37M,0.28%
2013年3月10日,63.38,61.39,63.46,60.73,573.45M,2.77%
2013年3月17日,65.99,63.06,66.01,63.03,555.00M,4.12%
2013年3月24日,63.24,66.38,67.14,63.09,392.46M,-4.17%
2013年3月31日,60.46,63.13,63.39,59.95,506.27M,-4.40%
2013年4月7日,61.4,60.69,62.57,60.36,387.77M,1.55%
2013年4月14日,55.79,61,61.13,55.01,710.98M,-9.14%
2013年4月21日,59.6,56.09,59.82,55.9,803.28M,6.83%
2013年4月28日,64.28,60.06,64.75,60,655.64M,7.85%
2013年5月5日,64.71,65.1,66.54,64.35,546.65M,0.67%
2013年5月12日,61.89,64.5,65.41,59.84,634.35M,-4.36%
2013年5月19日,63.59,61.7,64.05,61.44,495.24M,2.75%
2013年5月26日,64.25,64.27,65.3,62.77,363.74M,1.04%
2013年6月2日,63.12,64.39,64.92,61.82,444.37M,-1.76%
2013年6月9日,61.44,63.53,64.15,61.21,390.09M,-2.66%
2013年6月16日,59.07,61.63,62.24,58.3,401.10M,-3.86%
2013年6月23日,56.65,58.2,58.38,55.55,519.77M,-4.10%
2013年6月30日,59.63,57.53,60.47,57.32,344.07M,5.26%
2013年7月7日,60.93,60.02,61.4,58.63,384.63M,2.18%
2013年7月14日,60.71,60.72,62.12,60.6,286.40M,-0.36%
2013年7月21日,63,61.35,63.51,59.82,399.85M,3.77%
2013年7月28日,66.08,62.97,66.12,62.89,340.46M,4.89%
2013年8月4日,64.92,66.38,67.41,64.81,369.06M,-1.76%
2013年8月11日,71.76,65.27,72.04,65.23,713.84M,10.54%
2013年8月18日,71.57,72.05,73.39,71.17,418.00M,-0.26%
2013年8月25日,69.6,71.54,72.89,69.43,393.70M,-2.75%
2013年9月1日,71.17,70.44,71.75,69.62,318.26M,2.26%
2013年9月8日,66.41,72.14,72.56,66.39,671.37M,-6.69%
2013年9月15日,66.77,65.86,68.36,63.89,627.16M,0.54%
2013年9月22日,68.96,70.87,70.99,68.67,477.17M,3.28%
2013年9月29日,69,68.18,70.34,67.77,371.21M,0.06%
2013年10月6日,70.4,69.51,70.55,68.33,362.82M,2.03%
2013年10月13日,72.7,69.98,72.75,69.91,344.30M,3.27%
2013年10月20日,75.14,73.11,76.18,72.58,492.11M,3.36%
2013年10月27日,74.29,75.58,77.04,73.51,522.75M,-1.13%
2013年11月3日,74.37,74.44,75.55,73.2,318.85M,0.11%
2013年11月10日,75,74.28,75.61,73.49,307.37M,0.85%
2013年11月17日,74.26,75,75.31,73.38,283.46M,-0.99%
2013年11月24日,79.44,74.43,79.76,74.43,328.09M,6.98%
2013年12月1日,80,79.71,82.16,78.69,523.31M,0.70%
2013年12月8日,79.2,80.13,81.57,79.1,388.40M,-1.00%
2013年12月15日,78.43,79.29,80.38,76.97,458.93M,-0.97%
2013年12月22日,80.01,81.14,81.7,79.93,274.69M,2.01%
2013年12月29日,77.28,79.64,80.18,77.2,276.32M,-3.41%
2014年1月5日,76.13,76.78,78.12,75.87,393.70M,-1.49%
2014年1月12日,77.24,75.7,80.03,75.7,442.97M,1.46%
2014年1月19日,78.01,77.28,79.61,77.2,386.84M,1.00%
2014年1月26日,71.51,78.58,79.26,70.51,823.10M,-8.33%
2014年2月2日,74.24,71.8,74.7,71.33,435.35M,3.82%
2014年2月9日,77.71,74.09,78,74,379.68M,4.67%
2014年2月16日,75.04,78,78.74,74.94,290.15M,-3.44%
2014年2月23日,75.18,74.74,76.11,73.66,368.38M,0.19%
2014年3月2日,75.78,74.77,76.39,74.69,276.57M,0.80%
2014年3月9日,74.96,75.48,77.09,74.71,288.82M,-1.08%
2014年3月16日,76.12,75.39,76.61,75.03,304.20M,1.55%
2014年3月23日,76.69,76.92,78.43,76.32,340.09M,0.75%
2014年3月30日,75.97,77.03,77.64,75.8,246.92M,-0.94%
2014年4月6日,74.23,75.43,76.03,73.88,312.87M,-2.29%
2014年4月13日,74.99,74.56,75.39,73.05,242.91M,1.02%
2014年4月20日,81.71,75.05,81.71,74.85,482.62M,8.96%
2014年4月27日,84.65,81.83,85.63,81.79,474.87M,3.60%
2014年5月4日,83.65,84.31,86.34,82.9,366.60M,-1.18%
2014年5月11日,85.36,83.93,85.36,83.63,261.66M,2.04%
2014年5月18日,87.73,85.41,87.82,85.33,295.67M,2.78%
2014年5月25日,90.43,87.98,92.02,87.95,401.26M,3.08%
2014年6月1日,92.22,90.57,93.04,88.93,413.01M,1.98%
2014年6月8日,91.28,92.7,95.05,90.88,293.15M,-1.02%
2014年6月15日,90.91,91.51,92.75,90.9,235.23M,-0.41%
2014年6月22日,91.98,91.32,92,89.65,216.26M,1.18%
2014年6月29日,94.03,92.1,94.1,92.09,139.17M,2.23%
2014年7月6日,95.22,94.14,96.8,93.52,231.83M,1.27%
2014年7月13日,94.43,95.86,97.1,92.57,249.29M,-0.83%
2014年7月20日,97.67,94.99,97.88,93.72,276.39M,3.43%
2014年7月27日,96.13,97.82,99.44,94.81,236.82M,-1.58%
2014年8月3日,94.74,96.37,96.58,93.28,223.03M,-1.45%
2014年8月10日,97.98,95.27,98.19,94.84,179.36M,3.42%
2014年8月17日,101.32,98.49,101.47,97.98,247.33M,3.41%
2014年8月24日,102.5,101.79,102.9,100.7,238.85M,1.16%
2014年8月31日,98.97,103.06,103.74,97.79,323.16M,-3.44%
2014年9月7日,101.66,99.3,103.08,96.14,463.57M,2.72%
2014年9月14日,100.96,102.81,103.05,98.89,297.35M,-0.69%
2014年9月21日,100.75,101.8,102.94,97.72,338.82M,-0.21%
2014年9月28日,99.62,98.65,101.54,98.04,247.75M,-1.12%
2014年10月5日,100.73,99.95,102.38,98.31,280.26M,1.11%
2014年10月12日,97.67,101.33,101.78,95.18,358.54M,-3.04%
2014年10月19日,105.22,98.31,105.49,98.22,358.53M,7.73%
2014年10月26日,108,104.85,108.04,104.7,220.23M,2.64%
2014年11月2日,109.01,108.22,110.3,107.72,199.95M,0.94%
2014年11月9日,114.18,109.02,114.19,108.4,205.17M,4.74%
2014年11月16日,116.47,114.27,117.57,113.3,233.41M,2.01%
2014年11月23日,118.93,116.85,119.75,116.62,181.94M,2.11%
2014年11月30日,115,118.81,119.25,111.27,266.70M,-3.30%
2014年12月7日,109.73,114.1,114.85,109.35,259.94M,-4.58%
2014年12月14日,111.78,110.7,113.24,106.26,328.86M,1.87%
2014年12月21日,113.99,112.16,114.52,111.97,119.40M,1.98%
2014年12月28日,109.33,113.79,114.77,107.35,152.09M,-4.09%
2015年1月4日,112.01,108.29,113.25,104.63,283.25M,2.45%
2015年1月11日,105.99,112.6,112.8,105.2,304.23M,-5.37%
2015年1月18日,112.98,107.84,113.75,106.5,198.74M,6.59%
2015年1月25日,117.16,113.74,120,109.03,465.84M,3.70%
2015年2月1日,118.93,118.05,120.51,116.08,270.76M,1.51%
2015年2月8日,127.08,118.55,127.48,118.43,303.21M,6.85%
2015年2月15日,129.5,127.49,129.5,126.92,194.35M,1.90%
2015年2月22日,128.46,130.02,133.6,126.61,368.22M,-0.80%
2015年3月1日,126.6,129.25,130.28,125.76,246.94M,-1.45%
2015年3月8日,123.59,127.96,129.57,121.63,326.51M,-2.38%
2015年3月15日,125.9,123.88,129.25,122.87,266.67M,1.87%
2015年3月22日,123.25,127.12,128.04,122.6,209.33M,-2.10%
2015年3月29日,125.32,124.05,126.49,123.1,162.03M,1.68%
2015年4月5日,127.1,124.47,128.12,124.33,182.21M,1.42%
2015年4月12日,124.75,128.37,128.57,124.46,171.19M,-1.85%
2015年4月19日,130.28,125.57,130.63,125.17,207.44M,4.43%
2015年4月26日,128.95,132.31,134.54,124.58,420.97M,-1.02%
2015年5月3日,127.62,129.5,130.57,123.36,271.89M,-1.03%
2015年5月10日,128.77,127.39,129.49,124.82,208.30M,0.90%
2015年5月17日,132.54,128.38,132.97,128.36,217.30M,2.93%
2015年5月24日,130.28,132.6,132.91,129.12,198.15M,-1.71%
2015年5月31日,128.65,131.2,131.39,128.36,170.84M,-1.25%
2015年6月7日,127.17,128.9,130.18,125.62,220.11M,-1.15%
2015年6月14日,126.6,126.1,128.31,125.71,198.53M,-0.45%
2015年6月21日,126.75,127.49,129.8,126.51,195.59M,0.12%
2015年6月28日,126.44,125.46,126.94,124.48,150.98M,-0.24%
2015年7月5日,123.28,124.94,126.23,119.22,275.72M,-2.50%
2015年7月12日,129.62,125.03,129.62,124.32,189.24M,5.14%
2015年7月19日,124.5,130.97,132.97,121.99,344.27M,-3.95%
2015年7月26日,121.3,123.09,123.91,120.91,191.60M,-2.57%
2015年8月2日,115.52,121.5,122.57,112.1,385.00M,-4.77%
2015年8月9日,115.96,116.53,119.99,109.63,345.19M,0.38%
2015年8月16日,105.76,116.04,117.65,105.64,320.51M,-8.80%
2015年8月23日,113.29,94.87,113.31,92,500.36M,7.12%
2015年8月30日,109.27,112.03,114.53,107.36,298.19M,-3.55%
2015年9月6日,114.21,111.65,114.21,109.77,252.66M,4.52%
2015年9月13日,113.45,116.58,116.89,111.87,277.28M,-0.67%
2015年9月20日,114.71,113.67,116.69,112.37,242.70M,1.11%
2015年9月27日,110.38,113.85,114.57,107.31,313.90M,-3.77%
2015年10月4日,112.12,109.88,112.28,108.21,262.43M,1.58%
2015年10月11日,111.04,112.73,112.75,109.56,184.88M,-0.96%
2015年10月18日,119.08,110.8,119.23,110.11,222.07M,7.24%
2015年10月25日,119.5,118.08,121.22,113.99,322.36M,0.35%
2015年11月1日,121.06,119.87,123.82,119.61,195.20M,1.31%
2015年11月8日,112.34,120.96,121.81,112.27,216.56M,-7.20%
2015年11月15日,119.3,111.38,119.92,111,189.98M,6.20%
2015年11月22日,117.81,119.27,119.73,117.12,109.72M,-1.25%
2015年11月29日,119.03,117.99,119.41,114.22,206.77M,1.04%
2015年12月6日,113.18,118.98,119.86,112.85,188.85M,-4.91%
2015年12月13日,106.03,112.18,112.8,105.81,315.79M,-6.32%
2015年12月20日,108.03,107.28,109,105.57,126.63M,1.89%
2015年12月27日,105.26,107.59,109.43,104.82,123.76M,-2.56%
2016年1月3日,96.96,102.61,105.85,96.43,343.79M,-7.89%
2016年1月10日,97.13,98.97,101.19,95.36,304.34M,0.18%
2016年1月17日,101.42,98.41,101.46,93.42,243.38M,4.42%
2016年1月24日,97.34,101.52,101.53,92.39,380.34M,-4.02%
2016年1月31日,94.02,96.47,97.33,93.69,217.15M,-3.41%
2016年2月7日,93.99,93.13,96.35,92.59,231.12M,-0.03%
2016年2月14日,96.04,95.02,98.89,94.61,168.32M,2.18%
2016年2月21日,96.91,96.31,98.02,93.32,159.05M,0.91%
2016年2月28日,103.01,96.86,103.75,96.65,201.80M,6.29%
2016年3月6日,102.26,102.39,102.83,100.15,155.60M,-0.73%
2016年3月13日,105.92,101.91,106.5,101.78,182.07M,3.58%
2016年3月20日,105.67,105.93,107.65,104.89,119.78M,-0.24%
2016年3月27日,109.99,106,110.42,104.88,147.96M,4.09%
2016年4月3日,108.66,110.42,112.19,108.12,145.72M,-1.21%
2016年4月10日,109.85,108.97,112.39,108.66,162.31M,1.10%
2016年4月17日,105.68,108.89,108.95,104.62,189.05M,-3.80%
2016年4月24日,93.74,105,105.65,92.51,349.42M,-11.30%
2016年5月1日,92.72,93.97,95.9,91.85,225.61M,-1.09%
2016年5月8日,90.52,93,93.77,89.47,216.05M,-2.37%
2016年5月15日,95.22,92.39,95.43,91.65,212.71M,5.19%
2016年5月22日,100.35,95.87,100.73,95.67,204.47M,5.39%
2016年5月29日,97.92,99.6,100.4,96.63,140.18M,-2.42%
2016年6月5日,98.83,97.99,101.89,97.55,124.86M,0.93%
2016年6月12日,95.33,98.69,99.12,95.3,191.73M,-3.54%
2016年6月19日,93.4,96,96.89,92.65,206.73M,-2.02%
2016年6月26日,95.89,93,96.47,91.5,185.46M,2.67%
2016年7月3日,96.68,95.39,96.89,94.37,112.71M,0.82%
2016年7月10日,98.78,96.75,99.3,96.73,142.91M,2.17%
2016年7月17日,98.66,98.7,101,98.31,147.57M,-0.12%
2016年7月24日,104.21,98.25,104.55,96.42,256.57M,5.63%
2016年7月31日,107.48,104.41,107.65,104,170.15M,3.14%
2016年8月7日,108.18,107.52,108.94,107.16,124.51M,0.65%
2016年8月14日,109.36,108.14,110.23,108.08,132.37M,1.09%
2016年8月21日,106.94,108.86,109.32,106.31,123.61M,-2.21%
2016年8月28日,107.73,106.62,108,105.5,133.00M,0.74%
2016年9月4日,103.13,107.9,108.76,103.13,168.80M,-4.27%
2016年9月11日,114.92,102.65,116.13,102.53,390.31M,11.43%
2016年9月18日,112.71,115.19,116.18,111.55,201.10M,-1.92%
2016年9月25日,113.05,111.64,114.64,111.55,156.38M,0.30%
2016年10月2日,114.06,112.71,114.56,112.28,126.03M,0.89%
2016年10月9日,117.63,115.02,118.69,114.72,208.71M,3.13%
2016年10月16日,116.6,117.33,118.21,113.8,115.53M,-0.88%
2016年10月23日,113.72,117.1,118.36,113.31,210.23M,-2.47%
2016年10月30日,108.84,113.65,114.23,108.11,156.35M,-4.29%
2016年11月6日,108.43,110.08,111.72,105.83,207.27M,-0.38%
2016年11月13日,110.06,107.71,110.54,104.08,198.34M,1.50%
2016年11月20日,111.79,110.12,112.42,110.01,94.13M,1.57%
2016年11月27日,109.9,111.43,112.47,108.85,155.50M,-1.69%
2016年12月4日,113.95,110,114.7,108.25,151.99M,3.69%
2016年12月11日,115.97,113.29,116.73,112.49,195.02M,1.77%
2016年12月18日,116.52,115.8,117.5,115.59,113.32M,0.47%
2016年12月25日,115.82,116.52,118.02,115.43,84.83M,-0.60%
2017年1月1日,117.91,115.8,118.16,114.76,103.85M,1.80%
2017年1月8日,119.04,117.95,119.93,117.94,138.81M,0.96%
2017年1月15日,120,118.34,120.5,118.22,116.35M,0.81%
2017年1月22日,121.95,120,122.44,119.5,124.75M,1.62%
2017年1月29日,129.08,120.93,130.49,120.62,249.78M,5.85%
2017年2月5日,132.12,129.13,132.94,128.9,136.45M,2.36%
2017年2月12日,135.72,133.08,136.27,132.75,136.67M,2.72%
2017年2月19日,136.66,136.23,137.48,135.28,87.91M,0.69%
2017年2月26日,139.78,137.14,140.28,136.28,127.94M,2.28%
2017年3月5日,139.14,139.37,139.98,137.05,99.67M,-0.46%
2017年3月12日,139.99,138.85,141.02,138.82,121.54M,0.61%
2017年3月19日,140.64,140.4,142.8,139.73,129.67M,0.46%
2017年3月26日,143.66,139.39,144.5,138.62,127.01M,2.15%
2017年4月2日,143.34,143.71,145.46,143.05,105.42M,-0.22%
2017年4月9日,141.05,143.6,143.88,140.06,87.49M,-1.60%
2017年4月16日,142.27,141.48,142.92,140.45,89.25M,0.86%
2017年4月23日,143.65,143.5,144.9,143.18,91.15M,0.97%
2017年4月30日,148.96,145.1,148.98,144.27,175.35M,3.70%
2017年5月7日,156.1,149.03,156.42,149.03,173.47M,4.79%
2017年5月14日,153.06,156.01,156.65,149.71,157.35M,-1.95%
2017年5月21日,153.61,154,154.9,152.67,103.27M,0.36%
2017年5月28日,155.45,153.42,155.45,152.22,88.75M,1.20%
2017年6月4日,148.98,154.34,155.98,146.02,159.16M,-4.16%
2017年6月11日,142.27,145.74,147.5,142.2,220.53M,-4.50%
2017年6月18日,146.28,143.66,147.16,143.66,133.25M,2.82%
2017年6月25日,144.02,147.17,148.28,142.28,127.06M,-1.54%
2017年7月2日,144.18,144.88,145.3,142.41,79.18M,0.11%
2017年7月9日,149.04,144.11,149.33,143.37,111.09M,3.37%
2017年7月16日,150.27,148.82,151.74,148.57,106.08M,0.83%
2017年7月23日,149.5,150.58,153.99,147.3,105.82M,-0.51%
2017年7月30日,156.39,149.9,159.75,148.13,172.81M,4.61%
2017年8月6日,157.48,157.06,161.83,154.63,151.27M,0.70%
2017年8月13日,157.5,159.32,162.51,156.72,134.63M,0.01%
2017年8月20日,159.86,157.5,160.74,155.11,112.67M,1.50%
2017年8月27日,164.05,160.14,164.94,159.93,126.13M,2.62%
2017年9月3日,158.63,163.75,164.25,158.53,101.73M,-3.30%
2017年9月10日,159.88,160.5,163.96,157.91,221.08M,0.79%
2017年9月17日,151.89,160.11,160.5,150.56,186.19M,-5.00%
2017年9月24日,154.12,149.99,154.72,149.16,154.86M,1.47%
2017年10月1日,155.3,154.26,155.49,152.46,93.78M,0.77%
2017年10月8日,156.99,155.81,158,155.1,81.30M,1.09%
2017年10月15日,156.25,157.9,160.87,155.02,126.05M,-0.47%
2017年10月22日,163.05,156.89,163.6,155.27,122.40M,4.35%
2017年10月29日,172.5,163.89,174.26,163.72,215.18M,5.80%
2017年11月5日,174.67,172.37,176.24,171.72,138.43M,1.26%
2017年11月12日,170.15,173.5,174.5,168.38,116.46M,-2.59%
2017年11月19日,174.97,170.29,175.5,169.56,81.01M,2.83%
2017年11月26日,171.05,175.05,175.08,167.16,170.10M,-2.24%
2017年12月3日,169.37,172.48,172.62,166.46,137.48M,-0.98%
2017年12月10日,173.97,169.2,174.17,168.79,139.15M,2.72%
2017年12月17日,175.01,174.88,177.2,173.25,117.63M,0.60%
2017年12月24日,169.23,170.8,171.85,169.22,97.16M,-3.30%
2017年12月31日,175,170.16,175.37,169.26,101.17M,3.41%
2018年1月7日,177.09,174.35,177.36,173,110.20M,1.19%
2018年1月14日,178.46,177.9,180.1,175.07,127.57M,0.77%
2018年1月21日,171.51,177.3,179.44,170.06,191.57M,-3.89%
2018年1月28日,160.5,170.16,170.16,160.1,262.99M,-6.42%
2018年2月4日,156.41,159.1,163.88,150.24,317.65M,-2.55%
2018年2月11日,172.43,158.5,174.82,157.51,225.34M,10.24%
2018年2月18日,175.5,172.05,175.65,171.01,136.21M,1.78%
2018年2月25日,176.21,176.35,180.62,172.45,202.13M,0.40%
2018年3月4日,179.98,175.21,180,174.27,139.85M,2.14%
2018年3月11日,178.02,180.29,183.5,177.62,155.42M,-1.09%
2018年3月18日,164.94,177.32,177.47,164.94,172.67M,-7.35%
2018年3月25日,167.78,168.07,175.15,165.19,158.53M,1.72%
2018年4月1日,168.38,167.88,174.23,164.47,164.41M,0.36%
2018年4月8日,174.73,169.88,175.84,169.84,128.08M,3.77%
2018年4月15日,165.72,175.03,178.94,165.43,169.24M,-5.16%
2018年4月22日,162.32,166.83,166.92,160.63,162.21M,-2.05%
2018年4月29日,183.83,162.13,184.25,161.84,252.81M,13.25%
2018年5月6日,188.59,185.18,190.37,183.66,148.27M,2.59%
2018年5月13日,186.31,189.01,189.53,185.1,99.25M,-1.21%
2018年5月20日,188.58,188,189.65,185.76,94.39M,1.22%
2018年5月27日,190.24,187.6,190.26,186.14,92.13M,0.88%
2018年6月3日,191.7,191.63,194.2,189.77,116.77M,0.77%
2018年6月10日,188.84,191.35,192.88,188.26,140.19M,-1.49%
2018年6月17日,184.92,187.88,189.22,183.45,125.60M,-2.08%
2018年6月24日,185.11,183.4,187.28,180.73,121.62M,0.10%
2018年7月1日,187.97,183.82,188.43,183.42,65.78M,1.55%
2018年7月8日,191.33,189.5,191.84,187.61,85.09M,1.79%
2018年7月15日,191.44,191.52,192.65,189.2,87.96M,0.06%
2018年7月22日,190.98,190.68,195.96,189.56,94.61M,-0.24%
2018年7月29日,207.99,191.9,208.74,189.07,224.19M,8.91%
2018年8月5日,207.53,208,209.78,204.52,121.64M,-0.22%
2018年8月12日,217.58,207.7,217.95,207.7,139.37M,4.84%
2018年8月19日,216.16,218.1,219.18,213.84,112.83M,-0.65%
2018年8月26日,227.63,217.15,228.87,216.33,162.69M,5.31%
2018年9月2日,221.3,228.41,229.67,220.71,132.63M,-2.78%
2018年9月9日,223.84,220.95,228.35,216.47,198.25M,1.15%
2018年9月16日,217.66,222.15,222.95,215.3,218.75M,-2.76%
2018年9月23日,225.74,216.82,226.44,216.63,129.34M,3.71%
2018年9月30日,224.29,227.95,233.47,220.58,142.67M,-0.64%
2018年10月7日,222.11,222.21,227.27,212.32,192.01M,-0.97%
2018年10月14日,219.31,221.16,222.99,213,148.52M,-1.26%
2018年10月21日,216.3,219.79,224.23,212.67,185.60M,-1.37%
2018年10月28日,207.48,219.19,222.36,205.43,270.61M,-4.08%
2018年11月4日,204.47,204.3,210.12,198.17,191.20M,-1.45%
2018年11月11日,193.53,199,199.85,185.93,242.23M,-5.35%
2018年11月18日,172.29,190,190.7,172.1,164.49M,-10.98%
2018年11月25日,178.58,174.24,182.8,170.26,213.75M,3.65%
2018年12月2日,168.49,184.46,184.94,168.3,167.52M,-5.65%
2018年12月9日,165.48,165,172.57,163.33,217.54M,-1.79%
2018年12月16日,150.73,165.45,168.35,149.63,287.69M,-8.91%
2018年12月23日,156.23,148.15,158.52,146.59,191.16M,3.65%
2018年12月30日,148.26,158.53,159.36,142,221.96M,-5.10%
2019年1月6日,152.29,148.7,154.53,145.9,203.71M,2.72%
2019年1月13日,156.82,150.85,157.88,149.22,155.29M,2.97%
2019年1月20日,157.76,156.41,158.13,151.7,112.51M,0.60%
2019年1月27日,166.52,155.79,169,153.66,202.30M,5.55%
2019年2月3日,170.41,167.41,175.57,167.28,151.40M,2.34%
2019年2月10日,170.42,171.05,172.48,169.25,112.23M,0.01%
2019年2月17日,172.97,169.71,173.32,169.49,81.25M,1.50%
2019年2月24日,174.97,174.16,175.87,172.73,120.88M,1.16%
2019年3月3日,172.91,175.69,177.75,169.5,116.78M,-1.18%
2019年3月10日,186.12,175.49,187.33,175.35,158.13M,7.64%
2019年3月17日,191.05,185.8,197.69,184.73,182.34M,2.65%
2019年3月24日,189.95,191.51,192.88,184.58,167.84M,-0.58%
2019年3月31日,197,191.64,197.1,188.38,111.54M,3.71%
2019年4月7日,198.87,196.42,202.85,196.21,132.01M,0.95%
2019年4月14日,203.86,198.58,204.15,198.01,96.34M,2.51%
2019年4月21日,204.3,202.83,208.48,202.12,97.50M,0.22%
2019年4月28日,211.75,204.4,215.31,199.11,186.46M,3.65%
2019年5月5日,197.18,204.29,208.84,192.77,173.66M,-6.88%
2019年5月12日,189,187.71,192.47,182.85,186.42M,-4.15%
2019年5月19日,178.97,183.52,188,177.81,156.97M,-5.31%
2019年5月26日,175.07,178.92,180.59,174.99,104.69M,-2.18%
2019年6月2日,190.15,175.6,191.92,170.27,154.35M,8.61%
2019年6月9日,192.74,191.81,196.79,190.3,111.84M,1.36%
2019年6月16日,198.78,192.9,200.85,192.17,131.66M,3.13%
2019年6月23日,197.92,198.54,201.57,195.29,117.37M,-0.43%
2019年6月30日,204.23,203.17,205.08,200.65,72.88M,3.19%
2019年7月7日,203.3,200.81,204.39,198.41,101.60M,-0.46%
2019年7月14日,202.59,204.09,206.5,202.36,87.43M,-0.35%
2019年7月21日,207.74,203.65,209.73,203.61,87.15M,2.54%
2019年7月28日,204.02,208.46,221.37,201.63,219.77M,-1.79%
2019年8月4日,200.99,197.99,203.53,192.58,173.21M,-1.49%
2019年8月11日,206.5,199.62,212.14,199.15,163.27M,2.74%
2019年8月18日,202.64,210.62,214.44,201,142.07M,-1.87%
2019年8月25日,208.74,205.86,210.45,203.32,110.09M,3.01%
2019年9月1日,213.26,206.43,214.42,204.22,82.59M,2.17%
2019年9月8日,218.75,214.84,226.42,211.07,175.37M,2.57%
2019年9月15日,217.73,217.73,223.76,217.47,145.35M,-0.47%
2019年9月22日,218.82,218.95,222.49,217.14,117.78M,0.50%
2019年9月29日,227.01,220.9,228.22,215.13,163.38M,3.74%
2019年10月6日,236.21,226.27,237.64,224.33,150.15M,4.05%
2019年10月13日,236.41,234.9,238.13,233.2,108.39M,0.08%
2019年10月20日,246.58,237.52,246.73,237.32,101.27M,4.30%
2019年10月27日,255.82,247.42,255.93,237.26,163.56M,3.75%
2019年11月3日,260.14,257.33,260.44,255.37,106.01M,1.69%
2019年11月10日,265.76,258.3,265.78,258.28,115.66M,2.16%
2019年11月17日,261.78,265.8,268,260.4,114.06M,-1.50%
2019年11月24日,267.25,262.71,268,262.5,75.40M,2.09%
2019年12月1日,270.71,267.27,271,256.29,115.09M,1.29%
2019年12月8日,275.15,270,275.3,264.91,142.41M,1.64%
2019年12月15日,279.44,277,282.65,276.98,183.34M,1.56%
2019年12月22日,289.8,280.53,293.97,280.37,96.72M,3.71%
2019年12月29日,297.43,289.46,300.6,285.22,131.85M,2.63%
2020年1月5日,310.33,293.79,312.67,292.75,168.45M,4.34%
2020年1月12日,318.73,311.64,318.74,309.55,163.32M,2.71%
2020年1月19日,318.31,317.19,323.33,315.65,115.92M,-0.13%
2020年1月26日,309.51,310.06,327.85,304.88,216.78M,-2.76%
2020年2月2日,320.03,304.3,325.22,302.22,163.14M,3.40%
2020年2月9日,324.95,314.18,327.22,313.85,123.07M,1.54%
2020年2月16日,313.05,315.36,324.65,310.5,119.25M,-3.66%
2020年2月23日,273.36,297.26,304.18,256.37,349.77M,-12.68%
2020年3月1日,289.03,282.28,304,277.72,323.45M,5.73%
2020年3月8日,277.97,263.75,286.44,248,404.40M,-3.83%
2020年3月15日,229.24,241.95,259.08,228,405.07M,-17.53%
2020年3月22日,246.88,229.24,246.88,212.65,71.19M,7.69%
